Date Received,Subject,Summary,Date Analyzed
"Sat, 31 Aug 2024 07:23:31 +0000","""rejected the same minute I appliedüå∏""","8b
0",2024-08-31 00:51:42.453587
"Sat, 31 Aug 2024 06:37:17 +0000","[Access granted] Your request to access model
 meta-llama/Llama-2-13b-chat has been accepted",,2024-08-31 00:50:22.871054
"Sat, 31 Aug 2024 06:35:52 +0000",Indeed Application: Payroll and Benefits Specialist,,2024-08-31 00:50:22.588732
"Sat, 31 Aug 2024 06:29:50 GMT",Security alert,,2024-08-31 00:50:22.363791
"Sat, 31 Aug 2024 06:12:22 +0000 (UTC)",‚Äúanalyst‚Äù: Hyundai Autoever America - 10632 ‚Äì Sr. Financial Analyst I,,2024-08-31 00:50:22.140062
"Sat, 31 Aug 2024 04:41:55 +0000",You received a request from Staff Boom,,2024-08-31 00:50:21.440421
"Sat, 31 Aug 2024 04:40:50 +0000",Indeed Application: Account Operations Associate,,2024-08-31 00:50:21.210403
"Sat, 31 Aug 2024 04:37:06 +0000",Indeed Application: Sr. Laboratory Analyst,,2024-08-31 00:50:21.009553
31 Aug 2024 04:37:05 +0000,Thank You Jose for applying for a position with Alliance,,2024-08-31 00:50:20.814619
31 Aug 2024 04:37:01 +0000,Welcome to our Recruiting System,,2024-08-31 00:50:20.633502
